id,name,x,y,hue
0,0,-0.00816133,0.602476,
